馬季,賽事編號,名次,馬號,馬名,騎師,練馬師,實際負磅,排位檔位,獨贏賠率,位置賠率,距離,場地,racecourse_code
26/27,20261007-01,,1,獎星,潘頓,羅富全,135,2,10.0,1.5,1800,草地,HV
26/27,20261007-01,,2,一支箭,田泰安,賀賢,134,3,10.0,1.5,1800,草地,HV
26/27,20261007-01,,3,鴻圖大展,金誠剛,沈集成,133,1,10.0,1.5,1800,草地,HV
26/27,20261007-01,,4,竣誠駒,楊明綸,告東尼,133,9,10.0,1.5,1800,草地,HV
26/27,20261007-01,,5,蜜蜜送,霍宏聲,韋達,133,11,10.0,1.5,1800,草地,HV
26/27,20261007-01,,6,競駿勇士,黃智弘 (-3),方嘉柏,133,8,10.0,1.5,1800,草地,HV
26/27,20261007-01,,7,一風雲,潘明輝,丁冠豪,132,5,10.0,1.5,1800,草地,HV
26/27,20261007-01,,8,寶成智星,梁家俊,伍鵬志,130,10,10.0,1.5,1800,草地,HV
26/27,20261007-01,,9,連連好運,艾道拿,文家良,127,7,10.0,1.5,1800,草地,HV
26/27,20261007-01,,10,揚威四海,奧爾民,葉楚航,127,4,10.0,1.5,1800,草地,HV
26/27,20261007-01,,11,幸運同行,艾兆禮,蔡約翰,116,12,10.0,1.5,1800,草地,HV
26/27,20261007-01,,12,戰騎飛,巫顯東 (-2),丁冠豪,115,6,10.0,1.5,1800,草地,HV
26/27,20261007-02,,1,本領多好,希威森,桂福特,135,8,10.0,1.5,1200,草地,HV
26/27,20261007-02,,2,幸運愉快,潘明輝,巫偉傑,134,10,10.0,1.5,1200,草地,HV
26/27,20261007-02,,3,銳喜,黃智弘 (-3),徐雨石,132,2,10.0,1.5,1200,草地,HV
26/27,20261007-02,,4,紅錢到,霍宏聲,呂健威,131,12,10.0,1.5,1200,草地,HV
26/27,20261007-02,,5,環球英雄,班德禮,大衛希斯,130,3,10.0,1.5,1200,草地,HV
26/27,20261007-02,,6,千杯敬典,袁幸堯 (-7),姚本輝,129,4,10.0,1.5,1200,草地,HV
26/27,20261007-02,,7,新力,楊明綸,鄭俊偉,126,5,10.0,1.5,1200,草地,HV
26/27,20261007-02,,8,勝利君子,何澤堯,方嘉柏,122,6,10.0,1.5,1200,草地,HV
26/27,20261007-02,,9,駿馬之光,鍾易禮 (-2),告東尼,119,9,10.0,1.5,1200,草地,HV
26/27,20261007-02,,10,天下寵兒,艾兆禮,廖康銘,119,1,10.0,1.5,1200,草地,HV
26/27,20261007-02,,11,威威神駒,田泰安,韋達,118,11,10.0,1.5,1200,草地,HV
26/27,20261007-02,,12,智勝攻略,巴度,黎昭昇,116,7,10.0,1.5,1200,草地,HV
26/27,20261007-03,,1,星願無限,希威森,沈集成,135,12,10.0,1.5,1650,草地,HV
26/27,20261007-03,,2,佳登,艾道拿,游達榮,135,6,10.0,1.5,1650,草地,HV
26/27,20261007-03,,3,大文豪,奧爾民,姚本輝,131,1,10.0,1.5,1650,草地,HV
26/27,20261007-03,,4,卓越蒨鋒,潘頓,黎昭昇,131,9,10.0,1.5,1650,草地,HV
26/27,20261007-03,,5,牛精新星,蔡明紹,告東尼,127,10,10.0,1.5,1650,草地,HV
26/27,20261007-03,,6,有情有義,霍宏聲,方嘉柏,126,2,10.0,1.5,1650,草地,HV
26/27,20261007-03,,7,滿洛城,班德禮,大衛希斯,123,8,10.0,1.5,1650,草地,HV
26/27,20261007-03,,8,金駒永騰,黃智弘 (-3),伍鵬志,123,11,10.0,1.5,1650,草地,HV
26/27,20261007-03,,9,顏色的顏,金誠剛,韋達,121,3,10.0,1.5,1650,草地,HV
26/27,20261007-03,,10,康昌之星,艾兆禮,廖康銘,120,7,10.0,1.5,1650,草地,HV
26/27,20261007-03,,11,平天雄,楊明綸,丁冠豪,120,4,10.0,1.5,1650,草地,HV
26/27,20261007-03,,12,保羅輝煌,潘明輝,羅富全,118,5,10.0,1.5,1650,草地,HV
26/27,20261007-04,,1,爆笑,黃寶妮 (-7),告東尼,135,12,10.0,1.5,1650,草地,HV
26/27,20261007-04,,2,深心星,黃智弘 (-3),方嘉柏,132,1,10.0,1.5,1650,草地,HV
26/27,20261007-04,,3,紅海勁,霍宏聲,文家良,130,8,10.0,1.5,1650,草地,HV
26/27,20261007-04,,4,先到先得,艾道拿,蔡約翰,129,5,10.0,1.5,1650,草地,HV
26/27,20261007-04,,5,晉步贏,何澤堯,伍鵬志,128,11,10.0,1.5,1650,草地,HV
26/27,20261007-04,,6,火流星,潘明輝,葉楚航,127,7,10.0,1.5,1650,草地,HV
26/27,20261007-04,,7,妙算強人,巫顯東 (-2),徐雨石,127,9,10.0,1.5,1650,草地,HV
26/27,20261007-04,,8,超開心,潘頓,羅富全,126,10,10.0,1.5,1650,草地,HV
26/27,20261007-04,,9,奮鬥輝煌,金誠剛,游達榮,121,6,10.0,1.5,1650,草地,HV
26/27,20261007-04,,10,準希望,巴度,大衛希斯,120,2,10.0,1.5,1650,草地,HV
26/27,20261007-04,,11,焦點,艾兆禮,游達榮,118,3,10.0,1.5,1650,草地,HV
26/27,20261007-04,,12,瑞祺威楓,田泰安,姚本輝,118,4,10.0,1.5,1650,草地,HV
26/27,20261007-05,,1,鴻圖新星,金誠剛,蔡約翰,135,1,10.0,1.5,1000,草地,HV
26/27,20261007-05,,2,長勝金剛,袁幸堯 (-7),伍鵬志,133,10,10.0,1.5,1000,草地,HV
26/27,20261007-05,,3,友駿同心,梁家俊,蘇偉賢,131,8,10.0,1.5,1000,草地,HV
26/27,20261007-05,,4,巴閉王,潘頓,呂健威,131,4,10.0,1.5,1000,草地,HV
26/27,20261007-05,,5,銳目,班德禮,大衛希斯,131,2,10.0,1.5,1000,草地,HV
26/27,20261007-05,,6,美麗登場,艾兆禮,羅富全,130,11,10.0,1.5,1000,草地,HV
26/27,20261007-05,,7,哥得寶,奧爾民,賀賢,128,6,10.0,1.5,1000,草地,HV
26/27,20261007-05,,8,佐治傳奇,鍾易禮 (-2),告東尼,128,7,10.0,1.5,1000,草地,HV
26/27,20261007-05,,9,赤兔再世,艾道拿,方嘉柏,128,9,10.0,1.5,1000,草地,HV
26/27,20261007-05,,10,鋼鐵安防,黃寶妮 (-7),徐雨石,124,3,10.0,1.5,1000,草地,HV
26/27,20261007-05,,11,杰遜仔,巴度,黎昭昇,122,5,10.0,1.5,1000,草地,HV
26/27,20261007-05,,12,馬運高,田泰安,文家良,118,12,10.0,1.5,1000,草地,HV
26/27,20261007-06,,1,添開心,艾兆禮,伍鵬志,135,11,10.0,1.5,1200,草地,HV
26/27,20261007-06,,2,龍虎精神,何澤堯,羅富全,132,7,10.0,1.5,1200,草地,HV
26/27,20261007-06,,3,星威心得,金誠剛,大衛希斯,128,8,10.0,1.5,1200,草地,HV
26/27,20261007-06,,4,銳不可當,梁家俊,沈集成,128,12,10.0,1.5,1200,草地,HV
26/27,20261007-06,,5,加州勇勝,田泰安,告東尼,125,2,10.0,1.5,1200,草地,HV
26/27,20261007-06,,6,勝多多,黃寶妮 (-7),韋達,123,9,10.0,1.5,1200,草地,HV
26/27,20261007-06,,7,文采風流,奧爾民,蘇偉賢,123,4,10.0,1.5,1200,草地,HV
26/27,20261007-06,,8,萬眾開心,蔡明紹,黎昭昇,120,5,10.0,1.5,1200,草地,HV
26/27,20261007-06,,9,後無來者,巴度,方嘉柏,120,1,10.0,1.5,1200,草地,HV
26/27,20261007-06,,10,頑童,楊明綸,鄭俊偉,119,6,10.0,1.5,1200,草地,HV
26/27,20261007-06,,11,觀萬象,潘明輝,葉楚航,119,3,10.0,1.5,1200,草地,HV
26/27,20261007-06,,12,首駿,班德禮,游達榮,117,10,10.0,1.5,1200,草地,HV
26/27,20261007-07,,1,晨曦儷人,楊明綸,伍鵬志,135,9,10.0,1.5,1200,草地,HV
26/27,20261007-07,,2,東來欣賞,袁幸堯 (-7),告東尼,130,5,10.0,1.5,1200,草地,HV
26/27,20261007-07,,3,快活英雄,黃寶妮 (-7),黎昭昇,129,4,10.0,1.5,1200,草地,HV
26/27,20261007-07,,4,幸運星球,潘明輝,丁冠豪,129,3,10.0,1.5,1200,草地,HV
26/27,20261007-07,,5,觀眾之力,巴度,方嘉柏,128,7,10.0,1.5,1200,草地,HV
26/27,20261007-07,,6,電源之駒,霍宏聲,廖康銘,123,11,10.0,1.5,1200,草地,HV
26/27,20261007-07,,7,耀寶,艾兆禮,羅富全,121,10,10.0,1.5,1200,草地,HV
26/27,20261007-07,,8,關鍵所在,黃智弘 (-3),沈集成,120,12,10.0,1.5,1200,草地,HV
26/27,20261007-07,,9,朗日自強,梁家俊,文家良,119,1,10.0,1.5,1200,草地,HV
26/27,20261007-07,,10,天馬行雲,希威森,桂福特,118,2,10.0,1.5,1200,草地,HV
26/27,20261007-07,,11,丞匡掠影,鍾易禮 (-2),徐雨石,117,6,10.0,1.5,1200,草地,HV
26/27,20261007-07,,12,競駿非凡,蔡明紹,韋達,117,8,10.0,1.5,1200,草地,HV
26/27,20261007-08,,1,一定超,潘頓,游達榮,135,7,10.0,1.5,1650,草地,HV
26/27,20261007-08,,2,幸運派彩,巴度,徐雨石,132,2,10.0,1.5,1650,草地,HV
26/27,20261007-08,,3,盈好威楓,金誠剛,姚本輝,128,6,10.0,1.5,1650,草地,HV
26/27,20261007-08,,4,嘉應勇將,鍾易禮 (-2),告東尼,127,4,10.0,1.5,1650,草地,HV
26/27,20261007-08,,5,自動自覺,袁幸堯 (-7),羅富全,123,11,10.0,1.5,1650,草地,HV
26/27,20261007-08,,6,傲視同群,艾兆禮,文家良,121,12,10.0,1.5,1650,草地,HV
26/27,20261007-08,,7,高高至高,希威森,廖康銘,120,10,10.0,1.5,1650,草地,HV
26/27,20261007-08,,8,金滙千帥,黃寶妮 (-7),賀賢,119,5,10.0,1.5,1650,草地,HV
26/27,20261007-08,,9,大千雄心,黃智弘 (-3),方嘉柏,118,8,10.0,1.5,1650,草地,HV
26/27,20261007-08,,10,財富非凡,班德禮,巫偉傑,117,1,10.0,1.5,1650,草地,HV
26/27,20261007-08,,11,開心三寶,蔡明紹,呂健威,117,3,10.0,1.5,1650,草地,HV
26/27,20261007-08,,12,太子,梁家俊,伍鵬志,116,9,10.0,1.5,1650,草地,HV
26/27,20261007-09,,1,志滿同行,潘頓,文家良,135,7,10.0,1.5,1200,草地,HV
26/27,20261007-09,,2,馬達,梁家俊,巫偉傑,133,11,10.0,1.5,1200,草地,HV
26/27,20261007-09,,3,得道猴王,鍾易禮 (-2),告東尼,131,12,10.0,1.5,1200,草地,HV
26/27,20261007-09,,4,福星小子,巴度,蔡約翰,127,10,10.0,1.5,1200,草地,HV
26/27,20261007-09,,5,傑出雷霆,希威森,呂健威,127,8,10.0,1.5,1200,草地,HV
26/27,20261007-09,,6,盈妍威楓,袁幸堯 (-7),伍鵬志,126,3,10.0,1.5,1200,草地,HV
26/27,20261007-09,,7,星運少爵,何澤堯,方嘉柏,125,1,10.0,1.5,1200,草地,HV
26/27,20261007-09,,8,可靠大師,潘明輝,大衛希斯,121,2,10.0,1.5,1200,草地,HV
26/27,20261007-09,,9,烈焰光芒,艾兆禮,韋達,121,9,10.0,1.5,1200,草地,HV
26/27,20261007-09,,10,發發發,金誠剛,桂福特,121,5,10.0,1.5,1200,草地,HV
26/27,20261007-09,,11,勇霸龍,黃寶妮 (-7),黎昭昇,120,4,10.0,1.5,1200,草地,HV
26/27,20261007-09,,12,勁駿騰飛,楊明綸,蘇偉賢,118,6,10.0,1.5,1200,草地,HV
